250,1.664,3.6626,2.9,-0.9
251,1.673,3.7049,2.81,-0.96
252,1.682,3.7473,2.72,-1.02
253,1.691,3.7897,2.63,-1.08
254,1.7,3.8321,2.54,-1.14
255,1.709,3.8744,2.45,-1.2
256,1.718,3.9168,2.36,-1.26
257,1.727,3.9592,2.27,-1.32
258,1.736,4.0016,2.18,-1.38
259,1.745,4.0439,2.09,-1.44
260,1.754,4.0863,2,-1.5
261,1.7873,4.1471,1.8,-1.66
262,1.8206,4.208,1.6,-1.82
263,1.8539,4.2688,1.4,-1.98
264,1.8872,4.3297,1.2,-2.14
265,1.9205,4.3905,1,-2.3
266,1.9538,4.4513,0.8,-2.46
267,1.9871,4.5122,0.6,-2.62
268,2.0204,4.573,0.4,-2.78
269,2.0537,4.6338,0.2,-2.94
270,2.087,4.6947,0,-3.1
271,2.1744,4.7546,-0.48,-3.12
272,2.2618,4.8146,-0.96,-3.14
273,2.3492,4.8745,-1.44,-3.16
274,2.4366,4.9345,-1.92,-3.18
275,2.524,4.9944,-2.4,-3.2
276,2.6114,5.0544,-2.88,-3.22
277,2.6988,5.1143,-3.36,-3.24
278,2.7862,5.1742,-3.84,-3.26
279,2.8736,5.2342,-4.32,-3.28
280,2.961,5.2941,-4.8,-3.3
281,3.1035,5.2953,-5.22,-2.89
282,3.246,5.2964,-5.64,-2.48
283,3.3885,5.2975,-6.06,-2.07
284,3.531,5.2987,-6.48,-1.66
285,3.6735,5.2998,-6.9,-1.25
286,3.816,5.301,-7.32,-0.84
287,3.9585,5.3021,-7.74,-0.43
288,4.101,5.3032,-8.16,-0.02
289,4.2435,5.3044,-8.58,0.39
290,4.386,5.3055,-9,0.8
291,4.4573,5.1978,-8.48,0.97
292,4.5286,5.09,-7.96,1.14
293,4.5999,4.9822,-7.44,1.31
294,4.6712,4.8745,-6.92,1.48
295,4.7425,4.7667,-6.4,1.65
296,4.8138,4.659,-5.88,1.82
297,4.8851,4.5512,-5.36,1.99
298,4.9564,4.4435,-4.84,2.16
299,5.0277,4.3357,-4.32,2.33
300,4.976,4.234,-3.8,2.5
301,4.9905,4.1704,-3.58,2.57
302,5.005,4.1068,-3.36,2.64
303,5.0195,4.0432,-3.14,2.71
304,5.034,3.9796,-2.92,2.78
305,5.0485,3.916,-2.7,2.85
306,5.063,3.8524,-2.48,2.92
307,5.0775,3.7888,-2.26,2.99
308,5.092,3.7252,-2.04,3.06
309,5.1065,3.6616,-1.82,3.13
310,5.121,3.598,-1.6,3.2
311,5.1201,3.5685,-1.57,3.03
312,5.1192,3.539,-1.54,2.86
313,5.1183,3.5095,-1.51,2.69
314,5.1174,3.48,-1.48,2.52
315,5.1165,3.4505,-1.45,2.35
316,5.1156,3.421,-1.42,2.18
317,5.1147,3.3915,-1.39,2.01
318,5.1138,3.362,-1.36,1.84
319,5.1129,3.3325,-1.33,1.67
320,5.112,3.303,-1.3,1.5
321,5.1203,3.2827,-1.29,1.42
322,5.1286,3.2624,-1.28,1.34
323,5.1369,3.2421,-1.27,1.26
324,5.1452,3.2218,-1.26,1.18
325,5.1535,3.2015,-1.25,1.1
326,5.1618,3.1812,-1.24,1.02
327,5.1701,3.1609,-1.23,0.94
328,5.1784,3.1406,-1.22,0.86
329,5.1867,3.1203,-1.21,0.78
330,5.195,3.1,-1.2,0.7
331,5.2056,3.0877,-1.18,0.66
332,5.2162,3.0754,-1.16,0.62
333,5.2268,3.0631,-1.14,0.58
334,5.2374,3.0508,-1.12,0.54
335,5.248,3.0385,-1.1,0.5
336,5.2586,3.0262,-1.08,0.46
337,5.2692,3.0139,-1.06,0.42
338,5.2798,3.0016,-1.04,0.38
339,5.2904,2.9893,-1.02,0.34
340,5.301,2.977,-1,0.3
341,5.3203,2.9731,-1.08,0.27
342,5.3396,2.9692,-1.16,0.24
343,5.3589,2.9653,-1.24,0.21
344,5.3782,2.9614,-1.32,0.18
345,5.3975,2.9575,-1.4,0.15
346,5.4168,2.9536,-1.48,0.12
347,5.4361,2.9497,-1.56,0.09
348,5.4554,2.9458,-1.64,0.06
349,5.4747,2.9419,-1.72,0.03
350,5.494,2.938,-1.8,0
351,5.5472,2.9408,-2.03,-0.14
352,5.6004,2.9436,-2.26,-0.28
353,5.6536,2.9464,-2.49,-0.42
354,5.7068,2.9492,-2.72,-0.56
355,5.76,2.952,-2.95,-0.7
356,5.8132,2.9548,-3.18,-0.84
357,5.8664,2.9576,-3.41,-0.98
358,5.9196,2.9604,-3.64,-1.12
359,5.9728,2.9632,-3.87,-1.26
360,6.026,2.966,-4.1,-1.4
361,6.1125,2.8865,-4.13,-0.84
362,6.199,2.807,-4.16,-0.28
363,6.2855,2.7275,-4.19,0.28
364,6.372,2.648,-4.22,0.84
365,6.4585,2.5685,-4.25,1.4
366,6.545,2.489,-4.28,1.96
367,6.6315,2.4095,-4.31,2.52
368,6.718,2.33,-4.34,3.08
369,6.8045,2.2505,-4.37,3.64
370,6.891,2.171,-4.4,4.2
371,6.8635,2.0485,-4.19,4.7
372,6.836,1.926,-3.98,5.2
373,6.8085,1.8035,-3.77,5.7
374,6.781,1.681,-3.56,6.2
375,6.7535,1.5585,-3.35,6.7
376,6.726,1.436,-3.14,7.2
377,6.6985,1.3135,-2.93,7.7
378,6.671,1.191,-2.72,8.2
379,6.6435,1.0685,-2.51,8.7
380,6.616,0.946,-2.3,9.2
381,6.5583,0.8959,-1.97,10.88
382,6.5006,0.8458,-1.64,12.56
383,6.4429,0.7957,-1.31,14.24
384,6.3852,0.7456,-0.98,15.92
385,6.3275,0.6955,-0.65,17.6
386,6.2698,0.6454,-0.32,19.28
387,6.2121,0.5953,0.01,20.96
388,6.1544,0.5452,0.34,22.64
389,6.0967,0.4951,0.67,24.32
390,6.039,0.445,1,26
391,5.9964,0.4301,1.11,26.7
392,5.9538,0.4152,1.22,27.4
393,5.9112,0.4003,1.33,28.1
394,5.8686,0.3854,1.44,28.8
395,5.826,0.3705,1.55,29.5
396,5.7834,0.3556,1.66,30.2
397,5.7408,0.3407,1.77,30.9
398,5.6982,0.3258,1.88,31.6
399,5.6556,0.3109,1.99,32.3
400,5.613,0.296,2.1,33
401,5.5847,0.2891,2.1,32.8
402,5.5564,0.2822,2.1,32.6
403,5.5281,0.2753,2.1,32.4
404,5.4998,0.2684,2.1,32.2
405,5.4715,0.2615,2.1,32
406,5.4432,0.2546,2.1,31.8
407,5.4149,0.2477,2.1,31.6
408,5.3866,0.2408,2.1,31.4
409,5.3583,0.2339,2.1,31.2
410,5.33,0.227,2.1,31
411,5.3089,0.2219,2.08,30.8
412,5.2878,0.2168,2.06,30.6
413,5.2667,0.2117,2.04,30.4
414,5.2456,0.2066,2.02,30.2
415,5.2245,0.2015,2,30
416,5.2034,0.1964,1.98,29.8
417,5.1823,0.1913,1.96,29.6
418,5.1612,0.1862,1.94,29.4
419,5.1401,0.1811,1.92,29.2
420,5.119,0.176,1.9,29
421,5.102,0.1722,1.89,29
422,5.085,0.1684,1.88,29
423,5.068,0.1646,1.87,29
424,5.051,0.1608,1.86,29
425,5.034,0.157,1.85,29
426,5.017,0.1532,1.84,29
427,5,0.1494,1.83,29
428,4.983,0.1456,1.82,29
429,4.966,0.1418,1.81,29
430,4.949,0.138,1.8,29
431,4.9353,0.1349,1.79,28.9
432,4.9216,0.1318,1.78,28.8
433,4.9079,0.1287,1.77,28.7
434,4.8942,0.1256,1.76,28.6
435,4.8805,0.1225,1.75,28.5
436,4.8668,0.1194,1.74,28.4
437,4.8531,0.1163,1.73,28.3
438,4.8394,0.1132,1.72,28.2
439,4.8257,0.1101,1.71,28.1
440,4.812,0.107,1.7,28
441,4.7999,0.10493,1.69,28
442,4.7878,0.10286,1.68,28
443,4.7757,0.10079,1.67,28
444,4.7636,0.098721,1.66,28
445,4.7515,0.096651,1.65,28
446,4.7394,0.094581,1.64,28
447,4.7273,0.092511,1.63,28
448,4.7152,0.090442,1.62,28
449,4.7031,0.088372,1.61,28
450,4.691,0.086302,1.6,28
451,4.6806,0.08481,1.6,28.1
452,4.6702,0.083318,1.6,28.2
453,4.6598,0.081826,1.6,28.3
454,4.6494,0.080334,1.6,28.4
455,4.639,0.078841,1.6,28.5
456,4.6286,0.077349,1.6,28.6
457,4.6182,0.075857,1.6,28.7
458,4.6078,0.074365,1.6,28.8
459,4.5974,0.072873,1.6,28.9
460,4.587,0.071381,1.6,29
461,4.578,0.070452,1.59,29
462,4.569,0.069522,1.58,29
463,4.56,0.068593,1.57,29
464,4.551,0.067663,1.56,29
465,4.542,0.066734,1.55,29
466,4.533,0.065804,1.54,29
467,4.524,0.064875,1.53,29
468,4.515,0.063945,1.52,29
469,4.506,0.063016,1.51,29
470,4.497,0.062086,1.5,29
471,4.4892,0.061378,1.49,29.1
472,4.4814,0.06067,1.48,29.2
473,4.4736,0.059961,1.47,29.3
474,4.4658,0.059253,1.46,29.4
475,4.458,0.058545,1.45,29.5
476,4.4502,0.057837,1.44,29.6
477,4.4424,0.057129,1.43,29.7
478,4.4346,0.05642,1.42,29.8
479,4.4268,0.055712,1.41,29.9
480,4.419,0.055004,1.4,30
481,4.4121,0.054417,1.4,30
482,4.4052,0.053829,1.4,30
483,4.3983,0.053242,1.4,30
484,4.3914,0.052655,1.4,30
485,4.3845,0.052068,1.4,30
486,4.3776,0.05148,1.4,30
487,4.3707,0.050893,1.4,30
488,4.3638,0.050306,1.4,30
489,4.3569,0.049718,1.4,30
490,4.35,0.049131,1.4,30
491,4.3444,0.048634,1.39,30.1
492,4.3388,0.048138,1.38,30.2
493,4.3332,0.047641,1.37,30.3
494,4.3276,0.047145,1.36,30.4
495,4.322,0.046648,1.35,30.5
496,4.3164,0.046151,1.34,30.6
497,4.3108,0.045655,1.33,30.7
498,4.3052,0.045158,1.32,30.8
499,4.2996,0.044662,1.31,30.9
500,4.294,0.044165,1.3,31
501,4.2887,0.043685,1.3,31
502,4.2834,0.043205,1.3,31
503,4.2781,0.042726,1.3,31
504,4.2728,0.042246,1.3,31
505,4.2675,0.041766,1.3,31
506,4.2622,0.041286,1.3,31
507,4.2569,0.040806,1.3,31
508,4.2516,0.040327,1.3,31
509,4.2463,0.039847,1.3,31
510,4.241,0.039367,1.3,31
511,4.2362,0.039072,1.29,31.1
512,4.2314,0.038777,1.28,31.2
513,4.2266,0.038481,1.27,31.3
514,4.2218,0.038186,1.26,31.4
515,4.217,0.037891,1.25,31.5
516,4.2122,0.037596,1.24,31.6
517,4.2074,0.037301,1.23,31.7
518,4.2026,0.037005,1.22,31.8
519,4.1978,0.03671,1.21,31.9
520,4.193,0.036415,1.2,32
521,4.1888,0.036084,1.2,32.1
522,4.1846,0.035754,1.2,32.2
523,4.1804,0.035423,1.2,32.3
524,4.1762,0.035092,1.2,32.4
525,4.172,0.034762,1.2,32.5
526,4.1678,0.034431,1.2,32.6
527,4.1636,0.0341,1.2,32.7
528,4.1594,0.033769,1.2,32.8
529,4.1552,0.033439,1.2,32.9
530,4.151,0.033108,1.2,33
531,4.1471,0.032827,1.2,33
532,4.1432,0.032545,1.2,33
533,4.1393,0.032264,1.2,33
534,4.1354,0.031983,1.2,33
535,4.1315,0.031702,1.2,33
536,4.1276,0.03142,1.2,33
537,4.1237,0.031139,1.2,33
538,4.1198,0.030858,1.2,33
539,4.1159,0.030576,1.2,33
540,4.112,0.030295,1.2,33
541,4.1085,0.030062,1.19,33
542,4.105,0.02983,1.18,33
543,4.1015,0.029597,1.17,33
544,4.098,0.029364,1.16,33
545,4.0945,0.029132,1.15,33
546,4.091,0.028899,1.14,33
547,4.0875,0.028666,1.13,33
548,4.084,0.028433,1.12,33
549,4.0805,0.028201,1.11,33
550,4.077,0.027968,1.1,33
551,4.0738,0.027747,1.1,33.1
552,4.0706,0.027526,1.1,33.2
553,4.0674,0.027305,1.1,33.3
554,4.0642,0.027084,1.1,33.4
555,4.061,0.026863,1.1,33.5
556,4.0578,0.026642,1.1,33.6
557,4.0546,0.026421,1.1,33.7
558,4.0514,0.0262,1.1,33.8
559,4.0482,0.025979,1.1,33.9
560,4.045,0.025758,1.1,34
561,4.042,0.025595,1.1,34
562,4.039,0.025433,1.1,34
563,4.036,0.02527,1.1,34
564,4.033,0.025107,1.1,34
565,4.03,0.024945,1.1,34
566,4.027,0.024782,1.1,34
567,4.024,0.024619,1.1,34
568,4.021,0.024456,1.1,34
569,4.018,0.024294,1.1,34
570,4.015,0.024131,1.1,34
571,4.0123,0.02397,1.1,34
572,4.0096,0.02381,1.1,34
573,4.0069,0.023649,1.1,34
574,4.0042,0.023488,1.1,34
575,4.0015,0.023328,1.1,34
576,3.9988,0.023167,1.1,34
577,3.9961,0.023006,1.1,34
578,3.9934,0.022845,1.1,34
579,3.9907,0.022685,1.1,34
580,3.988,0.022524,1.1,34
581,3.9855,0.02238,1.09,34
582,3.983,0.022235,1.08,34
583,3.9805,0.022091,1.07,34
584,3.978,0.021947,1.06,34
585,3.9755,0.021802,1.05,34
586,3.973,0.021658,1.04,34
587,3.9705,0.021514,1.03,34
588,3.968,0.02137,1.02,34
589,3.9655,0.021225,1.01,34
590,3.963,0.021081,1,34
591,3.9607,0.020966,1,34
592,3.9584,0.020852,1,34
593,3.9561,0.020737,1,34
594,3.9538,0.020622,1,34
595,3.9515,0.020508,1,34
596,3.9492,0.020393,1,34
597,3.9469,0.020278,1,34
598,3.9446,0.020163,1,34
599,3.9423,0.020049,1,34
600,3.94,0.019934,1,34
601,3.9378,0.019785,1,34.1
602,3.9356,0.019636,1,34.2
603,3.9334,0.019488,1,34.3
604,3.9312,0.019339,1,34.4
605,3.929,0.01919,1,34.5
606,3.9268,0.019041,1,34.6
607,3.9246,0.018892,1,34.7
608,3.9224,0.018744,1,34.8
609,3.9202,0.018595,1,34.9
610,3.918,0.018446,1,35
611,3.916,0.018338,1,35
612,3.914,0.01823,1,35
613,3.912,0.018122,1,35
614,3.91,0.018014,1,35
615,3.908,0.017906,1,35
616,3.906,0.017799,1,35
617,3.904,0.017691,1,35
618,3.902,0.017583,1,35
619,3.9,0.017475,1,35
620,3.898,0.017367,1,35
621,3.8961,0.017275,1,35
622,3.8942,0.017182,1,35
623,3.8923,0.01709,1,35
624,3.8904,0.016998,1,35
625,3.8885,0.016906,1,35
626,3.8866,0.016813,1,35
627,3.8847,0.016721,1,35
628,3.8828,0.016629,1,35
629,3.8809,0.016536,1,35
630,3.879,0.016444,1,35
631,3.8772,0.016343,1,35
632,3.8754,0.016242,1,35
633,3.8736,0.01614,1,35
634,3.8718,0.016039,1,35
635,3.87,0.015938,1,35
636,3.8682,0.015837,1,35
637,3.8664,0.015736,1,35
638,3.8646,0.015634,1,35
639,3.8628,0.015533,1,35
640,3.861,0.015432,1,35
641,3.8593,0.015332,0.99,35
642,3.8576,0.015232,0.98,35
643,3.8559,0.015132,0.97,35
644,3.8542,0.015032,0.96,35
645,3.8525,0.014932,0.95,35
646,3.8508,0.014831,0.94,35
647,3.8491,0.014731,0.93,35
648,3.8474,0.014631,0.92,35
649,3.8457,0.014531,0.91,35
650,3.844,0.014431,0.9,35
651,3.8424,0.014338,0.9,35
652,3.8408,0.014244,0.9,35
653,3.8392,0.014151,0.9,35
654,3.8376,0.014058,0.9,35
655,3.836,0.013964,0.9,35
656,3.8344,0.013871,0.9,35
657,3.8328,0.013778,0.9,35
658,3.8312,0.013685,0.9,35
659,3.8296,0.013591,0.9,35
660,3.828,0.013498,0.9,35
661,3.8265,0.013423,0.9,35.1
662,3.825,0.013347,0.9,35.2
663,3.8235,0.013272,0.9,35.3
664,3.822,0.013196,0.9,35.4
665,3.8205,0.013121,0.9,35.5
666,3.819,0.013045,0.9,35.6
667,3.8175,0.01297,0.9,35.7
668,3.816,0.012894,0.9,35.8
669,3.8145,0.012819,0.9,35.9
670,3.813,0.012743,0.9,36
671,3.8115,0.012659,0.9,36
672,3.81,0.012575,0.9,36
673,3.8085,0.012492,0.9,36
674,3.807,0.012408,0.9,36
675,3.8055,0.012324,0.9,36
676,3.804,0.01224,0.9,36
677,3.8025,0.012156,0.9,36
678,3.801,0.012073,0.9,36
679,3.7995,0.011989,0.9,36
680,3.798,0.011905,0.9,36
681,3.7966,0.011835,0.9,36
682,3.7952,0.011764,0.9,36
683,3.7938,0.011694,0.9,36
684,3.7924,0.011623,0.9,36
685,3.791,0.011553,0.9,36
686,3.7896,0.011483,0.9,36
687,3.7882,0.011412,0.9,36
688,3.7868,0.011342,0.9,36
689,3.7854,0.011271,0.9,36
690,3.784,0.011201,0.9,36
691,3.7828,0.011134,0.9,36.1
692,3.7816,0.011066,0.9,36.2
693,3.7804,0.010999,0.9,36.3
694,3.7792,0.010932,0.9,36.4
695,3.778,0.010864,0.9,36.5
696,3.7768,0.010797,0.9,36.6
697,3.7756,0.01073,0.9,36.7
698,3.7744,0.010663,0.9,36.8
699,3.7732,0.010595,0.9,36.9
700,3.772,0.010528,0.9,37
701,3.7707,0.010481,0.9,37
702,3.7694,0.010434,0.9,37
703,3.7681,0.010387,0.9,37
704,3.7668,0.01034,0.9,37
705,3.7655,0.010293,0.9,37
706,3.7642,0.010245,0.9,37
707,3.7629,0.010198,0.9,37
708,3.7616,0.010151,0.9,37
709,3.7603,0.010104,0.9,37
710,3.759,0.010057,0.9,37
711,3.7579,0.010014,0.9,37
712,3.7568,0.0099707,0.9,37
713,3.7557,0.0099276,0.9,37
714,3.7546,0.0098845,0.9,37
715,3.7535,0.0098414,0.9,37
716,3.7524,0.0097982,0.9,37
717,3.7513,0.0097551,0.9,37
718,3.7502,0.009712,0.9,37
719,3.7491,0.0096688,0.9,37
720,3.748,0.0096257,0.9,37
721,3.7469,0.0095577,0.89,37
722,3.7458,0.0094898,0.88,37
723,3.7447,0.0094218,0.87,37
724,3.7436,0.0093539,0.86,37
725,3.7425,0.0092859,0.85,37
726,3.7414,0.0092179,0.84,37
727,3.7403,0.00915,0.83,37
728,3.7392,0.009082,0.82,37
729,3.7381,0.0090141,0.81,37
730,3.737,0.0089461,0.8,37
731,3.736,0.0088877,0.8,37
732,3.735,0.0088293,0.8,37
733,3.734,0.0087709,0.8,37
734,3.733,0.0087125,0.8,37
735,3.732,0.008654,0.8,37
736,3.731,0.0085956,0.8,37
737,3.73,0.0085372,0.8,37
738,3.729,0.0084788,0.8,37
739,3.728,0.0084204,0.8,37
740,3.727,0.008362,0.8,37
741,3.726,0.0083076,0.8,37
742,3.725,0.0082533,0.8,37
743,3.724,0.008199,0.8,37
744,3.723,0.0081446,0.8,37
745,3.722,0.0080903,0.8,37
746,3.721,0.0080359,0.8,37
747,3.72,0.0079816,0.8,37
748,3.719,0.0079272,0.8,37
749,3.718,0.0078729,0.8,37
750,3.717,0.0078185,0.8,37
751,3.7161,0.0077564,0.8,37
752,3.7152,0.0076942,0.8,37
753,3.7143,0.007632,0.8,37
754,3.7134,0.0075699,0.8,37
755,3.7125,0.0075077,0.8,37
756,3.7116,0.0074456,0.8,37
757,3.7107,0.0073834,0.8,37
758,3.7098,0.0073213,0.8,37
759,3.7089,0.0072591,0.8,37
760,3.708,0.007197,0.8,37
761,3.7071,0.0071513,0.8,37
762,3.7062,0.0071056,0.8,37
763,3.7053,0.00706,0.8,37
764,3.7044,0.0070143,0.8,37
765,3.7035,0.0069686,0.8,37
766,3.7026,0.0069229,0.8,37
767,3.7017,0.0068772,0.8,37
768,3.7008,0.0068316,0.8,37
769,3.6999,0.0067859,0.8,37
770,3.699,0.0067402,0.8,37
771,3.6982,0.0067055,0.8,37
772,3.6974,0.0066708,0.8,37
773,3.6966,0.0066361,0.8,37
774,3.6958,0.0066014,0.8,37
775,3.695,0.0065667,0.8,37
776,3.6942,0.0065321,0.8,37
777,3.6934,0.0064974,0.8,37
778,3.6926,0.0064627,0.8,37
779,3.6918,0.006428,0.8,37
780,3.691,0.0063933,0.8,37
781,3.6902,0.0063374,0.8,37.1
782,3.6894,0.0062814,0.8,37.2
783,3.6886,0.0062255,0.8,37.3
784,3.6878,0.0061696,0.8,37.4
785,3.687,0.0061137,0.8,37.5
786,3.6862,0.0060577,0.8,37.6
787,3.6854,0.0060018,0.8,37.7
788,3.6846,0.0059459,0.8,37.8
789,3.6838,0.0058899,0.8,37.9
790,3.683,0.005834,0.8,38
791,3.6822,0.0057917,0.8,38.2
792,3.6814,0.0057495,0.8,38.4
793,3.6806,0.0057072,0.8,38.6
794,3.6798,0.0056649,0.8,38.8
795,3.679,0.0056226,0.8,39
796,3.6782,0.0055804,0.8,39.2
797,3.6774,0.0055381,0.8,39.4
798,3.6766,0.0054958,0.8,39.6
799,3.6758,0.0054536,0.8,39.8
800,3.675,0.0054113,0.8,40
801,3.6743,0.0053697,0.8,40.1
802,3.6736,0.0053281,0.8,40.2
803,3.6729,0.0052866,0.8,40.3
804,3.6722,0.005245,0.8,40.4
805,3.6715,0.0052034,0.8,40.5
806,3.6708,0.0051618,0.8,40.6
807,3.6701,0.0051202,0.8,40.7
808,3.6694,0.0050787,0.8,40.8
809,3.6687,0.0050371,0.8,40.9
810,3.668,0.0049955,0.8,41
811,3.6673,0.0049573,0.8,41.1
812,3.6666,0.0049191,0.8,41.2
813,3.6659,0.0048809,0.8,41.3
814,3.6652,0.0048427,0.8,41.4
815,3.6645,0.0048045,0.8,41.5
816,3.6638,0.0047662,0.8,41.6
817,3.6631,0.004728,0.8,41.7
818,3.6624,0.0046898,0.8,41.8
819,3.6617,0.0046516,0.8,41.9
820,3.661,0.0046134,0.8,42
821,3.6603,0.0045794,0.79,42.2
822,3.6596,0.0045454,0.78,42.4
823,3.6589,0.0045114,0.77,42.6
824,3.6582,0.0044774,0.76,42.8
825,3.6575,0.0044434,0.75,43
826,3.6568,0.0044094,0.74,43.2
827,3.6561,0.0043754,0.73,43.4
828,3.6554,0.0043414,0.72,43.6
829,3.6547,0.0043074,0.71,43.8
830,3.654,0.0042734,0.7,44
831,3.6533,0.0042404,0.7,44.1
832,3.6526,0.0042075,0.7,44.2
833,3.6519,0.0041746,0.7,44.3
834,3.6512,0.0041416,0.7,44.4
835,3.6505,0.0041087,0.7,44.5
836,3.6498,0.0040757,0.7,44.6
837,3.6491,0.0040428,0.7,44.7
838,3.6484,0.0040098,0.7,44.8
839,3.6477,0.0039768,0.7,44.9
840,3.647,0.0039439,0.7,45
841,3.6464,0.0039107,0.7,45.1
842,3.6458,0.0038775,0.7,45.2
843,3.6452,0.0038443,0.7,45.3
844,3.6446,0.0038111,0.7,45.4
845,3.644,0.003778,0.7,45.5
846,3.6434,0.0037448,0.7,45.6
847,3.6428,0.0037116,0.7,45.7
848,3.6422,0.0036784,0.7,45.8
849,3.6416,0.0036452,0.7,45.9
850,3.641,0.003612,0.7,46
851,3.6404,0.0035786,0.7,46.1
852,3.6398,0.0035452,0.7,46.2
853,3.6392,0.0035118,0.7,46.3
854,3.6386,0.0034784,0.7,46.4
855,3.638,0.003445,0.7,46.5
856,3.6374,0.0034117,0.7,46.6
857,3.6368,0.0033783,0.7,46.7
858,3.6362,0.0033449,0.7,46.8
859,3.6356,0.0033115,0.7,46.9
860,3.635,0.0032781,0.7,47
861,3.6345,0.0032487,0.7,47.2
862,3.634,0.0032193,0.7,47.4
863,3.6335,0.0031898,0.7,47.6
864,3.633,0.0031604,0.7,47.8
865,3.6325,0.003131,0.7,48
866,3.632,0.0031016,0.7,48.2
867,3.6315,0.0030722,0.7,48.4
868,3.631,0.0030427,0.7,48.6
869,3.6305,0.0030133,0.7,48.8
870,3.63,0.0029839,0.7,49
871,3.6294,0.0029537,0.7,49.2
872,3.6288,0.0029235,0.7,49.4
873,3.6282,0.0028934,0.7,49.6
874,3.6276,0.0028632,0.7,49.8
875,3.627,0.002833,0.7,50
876,3.6264,0.0028028,0.7,50.2
877,3.6258,0.0027726,0.7,50.4
878,3.6252,0.0027425,0.7,50.6
879,3.6246,0.0027123,0.7,50.8
880,3.624,0.0026821,0.7,51
881,3.6235,0.0026568,0.7,51.1
882,3.623,0.0026315,0.7,51.2
883,3.6225,0.0026063,0.7,51.3
884,3.622,0.002581,0.7,51.4
885,3.6215,0.0025557,0.7,51.5
886,3.621,0.0025304,0.7,51.6
887,3.6205,0.0025051,0.7,51.7
888,3.62,0.0024799,0.7,51.8
889,3.6195,0.0024546,0.7,51.9
890,3.619,0.0024293,0.7,52
891,3.6185,0.0024034,0.7,52.2
892,3.618,0.0023775,0.7,52.4
893,3.6175,0.0023515,0.7,52.6
894,3.617,0.0023256,0.7,52.8
895,3.6165,0.0022997,0.7,53
896,3.616,0.0022738,0.7,53.2
897,3.6155,0.0022479,0.7,53.4
898,3.615,0.0022219,0.7,53.6
899,3.6145,0.002196,0.7,53.8
900,3.614,0.0021701,0.7,54
901,3.6135,0.0021493,0.7,54.2
902,3.613,0.0021286,0.7,54.4
903,3.6125,0.0021078,0.7,54.6
904,3.612,0.0020871,0.7,54.8
905,3.6115,0.0020663,0.7,55
906,3.611,0.0020455,0.7,55.2
907,3.6105,0.0020248,0.7,55.4
908,3.61,0.002004,0.7,55.6
909,3.6095,0.0019833,0.7,55.8
910,3.609,0.0019625,0.7,56
911,3.6085,0.001942,0.7,56.1
912,3.608,0.0019214,0.7,56.2
913,3.6075,0.0019009,0.7,56.3
914,3.607,0.0018803,0.7,56.4
915,3.6065,0.0018598,0.7,56.5
916,3.606,0.0018393,0.7,56.6
917,3.6055,0.0018187,0.7,56.7
918,3.605,0.0017982,0.7,56.8
919,3.6045,0.0017776,0.7,56.9
920,3.604,0.0017571,0.7,57
921,3.6036,0.0017361,0.7,57.2
922,3.6032,0.001715,0.7,57.4
923,3.6028,0.001694,0.7,57.6
924,3.6024,0.0016729,0.7,57.8
925,3.602,0.0016519,0.7,58
926,3.6016,0.0016309,0.7,58.2
927,3.6012,0.0016098,0.7,58.4
928,3.6008,0.0015888,0.7,58.6
929,3.6004,0.0015677,0.7,58.8
930,3.6,0.0015467,0.7,59
931,3.5995,0.0015289,0.7,59.3
932,3.599,0.0015111,0.7,59.6
933,3.5985,0.0014934,0.7,59.9
934,3.598,0.0014756,0.7,60.2
935,3.5975,0.0014578,0.7,60.5
936,3.597,0.00144,0.7,60.8
937,3.5965,0.0014222,0.7,61.1
938,3.596,0.0014045,0.7,61.4
939,3.5955,0.0013867,0.7,61.7
940,3.595,0.0013689,0.7,62
941,3.5946,0.0013499,0.7,62.3
942,3.5942,0.001331,0.7,62.6
943,3.5938,0.001312,0.7,62.9
944,3.5934,0.0012931,0.7,63.2
945,3.593,0.0012741,0.7,63.5
946,3.5926,0.0012551,0.7,63.8
947,3.5922,0.0012362,0.7,64.1
948,3.5918,0.0012172,0.7,64.4
949,3.5914,0.0011983,0.7,64.7
950,3.591,0.0011793,0.7,65
951,3.5906,0.0011637,0.7,65.4
952,3.5902,0.0011482,0.7,65.8
953,3.5898,0.0011326,0.7,66.2
954,3.5894,0.0011171,0.7,66.6
955,3.589,0.0011015,0.7,67
956,3.5886,0.0010859,0.7,67.4
957,3.5882,0.0010704,0.7,67.8
958,3.5878,0.0010548,0.7,68.2
959,3.5874,0.0010393,0.7,68.6
960,3.587,0.0010237,0.7,69
961,3.5866,0.0010086,0.7,69.4
962,3.5862,0.00099341,0.7,69.8
963,3.5858,0.00097827,0.7,70.2
964,3.5854,0.00096312,0.7,70.6
965,3.585,0.00094797,0.7,71
966,3.5846,0.00093283,0.7,71.4
967,3.5842,0.00091769,0.7,71.8
968,3.5838,0.00090254,0.7,72.2
969,3.5834,0.0008874,0.7,72.6
970,3.583,0.00087225,0.7,73
971,3.5826,0.00085989,0.7,73.5
972,3.5822,0.00084753,0.7,74
973,3.5818,0.00083517,0.7,74.5
974,3.5814,0.00082281,0.7,75
975,3.581,0.00081045,0.7,75.5
976,3.5806,0.0007981,0.7,76
977,3.5802,0.00078574,0.7,76.5
978,3.5798,0.00077338,0.7,77
979,3.5794,0.00076102,0.7,77.5
980,3.579,0.00074866,0.7,78
981,3.5786,0.00073603,0.7,78.6
982,3.5782,0.0007234,0.7,79.2
983,3.5778,0.00071078,0.7,79.8
984,3.5774,0.00069815,0.7,80.4
985,3.577,0.00068552,0.7,81
986,3.5766,0.00067289,0.7,81.6
987,3.5762,0.00066026,0.7,82.2
988,3.5758,0.00064764,0.7,82.8
989,3.5754,0.00063501,0.7,83.4
990,3.575,0.00062238,0.7,84
991,3.5747,0.00061107,0.7,84.7
992,3.5744,0.00059976,0.7,85.4
993,3.5741,0.00058846,0.7,86.1
994,3.5738,0.00057715,0.7,86.8
995,3.5735,0.00056584,0.7,87.5
996,3.5732,0.00055453,0.7,88.2
997,3.5729,0.00054322,0.7,88.9
998,3.5726,0.00053192,0.7,89.6
999,3.5723,0.00052061,0.7,90.3
1000,3.572,0.0005093,0.7,91
1001,3.5716,0.00049944,0.7,91.7
1002,3.5712,0.00048958,0.7,92.4
1003,3.5708,0.00047972,0.7,93.1
1004,3.5704,0.00046986,0.7,93.8
1005,3.57,0.00046,0.7,94.5
1006,3.5696,0.00045015,0.7,95.2
1007,3.5692,0.00044029,0.7,95.9
1008,3.5688,0.00043043,0.7,96.6
1009,3.5684,0.00042057,0.7,97.3
1010,3.568,0.00041071,0.7,98
1011,3.5677,0.00040202,0.7,98.8
1012,3.5674,0.00039334,0.7,99.6
1013,3.5671,0.00038466,0.7,100.4
1014,3.5668,0.00037597,0.7,101.2
1015,3.5665,0.00036729,0.7,102
1016,3.5662,0.0003586,0.7,102.8
1017,3.5659,0.00034992,0.7,103.6
1018,3.5656,0.00034123,0.7,104.4
1019,3.5653,0.00033255,0.7,105.2
1020,3.565,0.00032386,0.7,106
1021,3.5647,0.00031623,0.7,106.7
1022,3.5644,0.00030859,0.7,107.4
1023,3.5641,0.00030096,0.7,108.1
1024,3.5638,0.00029333,0.7,108.8
1025,3.5635,0.00028569,0.7,109.5
1026,3.5632,0.00027806,0.7,110.2
1027,3.5629,0.00027043,0.7,110.9
1028,3.5626,0.0002628,0.7,111.6
1029,3.5623,0.00025516,0.7,112.3
1030,3.562,0.00024753,0.7,113
1031,3.5617,0.00024148,0.69,113.8
1032,3.5614,0.00023543,0.68,114.6
1033,3.5611,0.00022938,0.67,115.4
1034,3.5608,0.00022333,0.66,116.2
1035,3.5605,0.00021729,0.65,117
1036,3.5602,0.00021124,0.64,117.8
1037,3.5599,0.00020519,0.63,118.6
1038,3.5596,0.00019914,0.62,119.4
1039,3.5593,0.00019309,0.61,120.2
1040,3.559,0.00018704,0.6,121
1041,3.5587,0.00018196,0.6,122.5
1042,3.5584,0.00017687,0.6,124
1043,3.5581,0.00017179,0.6,125.5
1044,3.5578,0.0001667,0.6,127
1045,3.5575,0.00016162,0.6,128.5
1046,3.5572,0.00015654,0.6,130
1047,3.5569,0.00015145,0.6,131.5
1048,3.5566,0.00014637,0.6,133
1049,3.5563,0.00014128,0.6,134.5
1050,3.556,0.0001362,0.6,136
1051,3.5557,0.00013194,0.6,137
1052,3.5554,0.00012769,0.6,138
1053,3.5551,0.00012343,0.6,139
1054,3.5548,0.00011917,0.6,140
1055,3.5545,0.00011491,0.6,141
1056,3.5542,0.00011066,0.6,142
1057,3.5539,0.0001064,0.6,143
1058,3.5536,0.00010215,0.6,144
1059,3.5533,9.7888e-05,0.6,145
1060,3.553,9.3631e-05,0.6,146
1061,3.5527,9.108e-05,0.6,147
1062,3.5524,8.8528e-05,0.6,148
1063,3.5521,8.5977e-05,0.6,149
1064,3.5518,8.3426e-05,0.6,150
1065,3.5515,8.0875e-05,0.6,151
1066,3.5512,7.8323e-05,0.6,152
1067,3.5509,7.5772e-05,0.6,153
1068,3.5506,7.3221e-05,0.6,154
1069,3.5503,7.0669e-05,0.6,155
1070,3.55,6.8118e-05,0.6,156
1071,3.5497,6.6635e-05,0.6,156.5
1072,3.5494,6.5151e-05,0.6,157
1073,3.5491,6.3668e-05,0.6,157.5
1074,3.5488,6.2185e-05,0.6,158
1075,3.5485,6.0702e-05,0.6,158.5
1076,3.5482,5.9218e-05,0.6,159
1077,3.5479,5.7735e-05,0.6,159.5
1078,3.5476,5.6252e-05,0.6,160
1079,3.5473,5.4768e-05,0.6,160.5
1080,3.547,5.3285e-05,0.6,161
1081,3.5468,5.2033e-05,0.6,161.5
1082,3.5466,5.0782e-05,0.6,162
1083,3.5464,4.953e-05,0.6,162.5
1084,3.5462,4.8278e-05,0.6,163
1085,3.546,4.7027e-05,0.6,163.5
1086,3.5458,4.5775e-05,0.6,164
1087,3.5456,4.4523e-05,0.6,164.5
1088,3.5454,4.3271e-05,0.6,165
1089,3.5452,4.202e-05,0.6,165.5
1090,3.545,4.0768e-05,0.6,166
1091,3.5447,3.9755e-05,0.6,167
1092,3.5444,3.8742e-05,0.6,168
1093,3.5441,3.7729e-05,0.6,169
1094,3.5438,3.6716e-05,0.6,170
1095,3.5435,3.5702e-05,0.6,171
1096,3.5432,3.4689e-05,0.6,172
1097,3.5429,3.3676e-05,0.6,173
1098,3.5426,3.2663e-05,0.6,174
1099,3.5423,3.165e-05,0.6,175
1100,3.542,3.0637e-05,0.6,176
1101,3.5418,2.9958e-05,0.6,176.5
1102,3.5416,2.9279e-05,0.6,177
1103,3.5414,2.8601e-05,0.6,177.5
1104,3.5412,2.7922e-05,0.6,178
1105,3.541,2.7243e-05,0.6,178.5
1106,3.5408,2.6564e-05,0.6,179
1107,3.5406,2.5885e-05,0.6,179.5
1108,3.5404,2.5207e-05,0.6,180
1109,3.5402,2.4528e-05,0.6,180.5
1110,3.54,2.3849e-05,0.6,181
1111,3.5397,2.3247e-05,0.6,181.5
1112,3.5394,2.2644e-05,0.6,182
1113,3.5391,2.2042e-05,0.6,182.5
1114,3.5388,2.1439e-05,0.6,183
1115,3.5385,2.0837e-05,0.6,183.5
1116,3.5382,2.0235e-05,0.6,184
1117,3.5379,1.9632e-05,0.6,184.5
1118,3.5376,1.903e-05,0.6,185
1119,3.5373,1.8427e-05,0.6,185.5
1120,3.537,1.7825e-05,0.6,186
1121,3.5368,1.7391e-05,0.6,186.5
1122,3.5366,1.6958e-05,0.6,187
1123,3.5364,1.6524e-05,0.6,187.5
1124,3.5362,1.609e-05,0.6,188
1125,3.536,1.5657e-05,0.6,188.5
1126,3.5358,1.5223e-05,0.6,189
1127,3.5356,1.4789e-05,0.6,189.5
1128,3.5354,1.4355e-05,0.6,190
1129,3.5352,1.3922e-05,0.6,190.5
1130,3.535,1.3488e-05,0.6,191
1131,3.5347,1.3046e-05,0.6,192
1132,3.5344,1.2605e-05,0.6,193
1133,3.5341,1.2163e-05,0.6,194
1134,3.5338,1.1721e-05,0.6,195
1135,3.5335,1.128e-05,0.6,196
1136,3.5332,1.0838e-05,0.6,197
1137,3.5329,1.0397e-05,0.6,198
1138,3.5326,9.955e-06,0.6,199
1139,3.5323,9.5134e-06,0.6,200
1140,3.532,9.0718e-06,0.6,201
1141,3.5318,8.7869e-06,0.599,202
1142,3.5316,8.502e-06,0.598,203
1143,3.5314,8.2172e-06,0.597,204
1144,3.5312,7.9323e-06,0.596,205
1145,3.531,7.6474e-06,0.595,206
1146,3.5308,7.3625e-06,0.594,207
1147,3.5306,7.0776e-06,0.593,208
1148,3.5304,6.7928e-06,0.592,209
1149,3.5302,6.5079e-06,0.591,210
1150,3.53,6.223e-06,0.59,211
1151,3.5298,5.9884e-06,0.59,213
1152,3.5296,5.7538e-06,0.59,215
1153,3.5294,5.5192e-06,0.59,217
1154,3.5292,5.2846e-06,0.59,219
1155,3.529,5.05e-06,0.59,221
1156,3.5288,4.8154e-06,0.59,223
1157,3.5286,4.5808e-06,0.59,225
1158,3.5284,4.3462e-06,0.59,227
1159,3.5282,4.1116e-06,0.59,229
1160,3.528,3.877e-06,0.59,231
1161,3.5278,3.6941e-06,0.589,234.1
1162,3.5276,3.5113e-06,0.588,237.2
1163,3.5274,3.3284e-06,0.587,240.3
1164,3.5272,3.1455e-06,0.586,243.4
1165,3.527,2.9626e-06,0.585,246.5
1166,3.5268,2.7798e-06,0.584,249.6
1167,3.5266,2.5969e-06,0.583,252.7
1168,3.5264,2.414e-06,0.582,255.8
1169,3.5262,2.2312e-06,0.581,258.9
1170,3.526,2.0483e-06,0.58,262
1171,3.5258,1.9045e-06,0.58,268
1172,3.5256,1.7607e-06,0.58,274
1173,3.5254,1.6169e-06,0.58,280
1174,3.5252,1.4731e-06,0.58,286
1175,3.525,1.3293e-06,0.58,292
1176,3.5248,1.1855e-06,0.58,298
1177,3.5246,1.0417e-06,0.58,304
1178,3.5244,8.9795e-07,0.58,310
1179,3.5242,7.5415e-07,0.58,316
1180,3.524,6.1036e-07,0.58,322
1181,3.5267,5.4749e-07,0.58,324.5
1182,3.5265,5.0349e-07,0.58,327
1183,3.5263,4.6303e-07,0.58,329.5
1184,3.5261,4.2581e-07,0.58,332
1185,3.5259,3.9159e-07,0.58,334.5
1186,3.5258,3.6012e-07,0.58,337
1187,3.5256,3.3118e-07,0.58,339.5
1188,3.5254,3.0456e-07,0.58,342
1189,3.5252,2.8009e-07,0.58,344.5
1190,3.525,2.5758e-07,0.58,347
1191,3.5248,2.4507e-07,0.579,348
1192,3.5246,2.3318e-07,0.578,349
1193,3.5244,2.2186e-07,0.577,350
1194,3.5242,2.1109e-07,0.576,351
1195,3.524,2.0084e-07,0.575,352
1196,3.5239,1.911e-07,0.574,353
1197,3.5237,1.8182e-07,0.573,354
1198,3.5235,1.73e-07,0.572,355
1199,3.5233,1.646e-07,0.571,356
1200,3.5231,1.5661e-07,0.57,357
1201,3.5229,1.4855e-07,0.57,359.5
1202,3.5227,1.4091e-07,0.57,362
1203,3.5226,1.3366e-07,0.57,364.5
1204,3.5224,1.2678e-07,0.57,367
1205,3.5222,1.2026e-07,0.57,369.5
1206,3.522,1.1407e-07,0.57,372
1207,3.5218,1.082e-07,0.57,374.5
1208,3.5217,1.0263e-07,0.57,377
1209,3.5215,9.735e-08,0.57,379.5
1210,3.5213,9.2341e-08,0.57,382
1211,3.5211,8.7643e-08,0.57,383.3
1212,3.521,8.3184e-08,0.57,384.6
1213,3.5208,7.8951e-08,0.57,385.9
1214,3.5206,7.4935e-08,0.57,387.2
1215,3.5204,7.1122e-08,0.57,388.5
1216,3.5202,6.7503e-08,0.57,389.8
1217,3.5201,6.4069e-08,0.57,391.1
1218,3.5199,6.0809e-08,0.57,392.4
1219,3.5197,5.7715e-08,0.57,393.7
1220,3.5195,5.4779e-08,0.57,395
1221,3.5194,5.1992e-08,0.57,396.3
1222,3.5192,4.9347e-08,0.57,397.6
1223,3.519,4.6836e-08,0.57,398.9
1224,3.5188,4.4453e-08,0.57,400.2
1225,3.5187,4.2191e-08,0.57,401.5
1226,3.5185,4.0045e-08,0.57,402.8
1227,3.5183,3.8007e-08,0.57,404.1
1228,3.5181,3.6074e-08,0.57,405.4
1229,3.518,3.4238e-08,0.57,406.7
1230,3.5178,3.2496e-08,0.57,408
1231,3.5176,3.0453e-08,0.569,408.5
1232,3.5175,2.8537e-08,0.568,409
1233,3.5173,2.6743e-08,0.567,409.5
1234,3.5171,2.5061e-08,0.566,410
1235,3.5169,2.3485e-08,0.565,410.5
1236,3.5168,2.2008e-08,0.564,411
1237,3.5166,2.0624e-08,0.563,411.5
1238,3.5164,1.9327e-08,0.562,412
1239,3.5163,1.8111e-08,0.561,412.5
1240,3.5161,1.6972e-08,0.56,413
1241,3.5159,1.5543e-08,0.56,415
1242,3.5158,1.4234e-08,0.56,417
1243,3.5156,1.3036e-08,0.56,419
1244,3.5154,1.1938e-08,0.56,421
1245,3.5153,1.0933e-08,0.56,423
1246,3.5151,1.0012e-08,0.56,425
1247,3.5149,9.1693e-09,0.56,427
1248,3.5147,8.3972e-09,0.56,429
1249,3.5146,7.6901e-09,0.56,431
1250,3.5144,7.0426e-09,0.56,433
1251,3.5142,6.3933e-09,0.56,434
1252,3.5141,5.8039e-09,0.56,435
1253,3.5139,5.2688e-09,0.56,436
1254,3.5138,4.7831e-09,0.56,437
1255,3.5136,4.3421e-09,0.56,438
1256,3.5134,3.9418e-09,0.56,439
1257,3.5133,3.5784e-09,0.56,440
1258,3.5131,3.2485e-09,0.56,441
1259,3.513,2.949e-09,0.56,442
1260,3.5128,2.6771e-09,0.56,443
1261,3.5126,2.5223e-09,0.56,444.5
1262,3.5125,2.3764e-09,0.56,446
1263,3.5123,2.239e-09,0.56,447.5
1264,3.5122,2.1095e-09,0.56,449
1265,3.512,1.9875e-09,0.56,450.5
1266,3.5118,1.8726e-09,0.56,452
1267,3.5117,1.7643e-09,0.56,453.5
1268,3.5115,1.6622e-09,0.56,455
1269,3.5114,1.5661e-09,0.56,456.5
1270,3.5112,1.4755e-09,0.56,458
1271,3.5111,1.402e-09,0.56,459.5
1272,3.5109,1.3322e-09,0.56,461
1273,3.5107,1.2658e-09,0.56,462.5
1274,3.5106,1.2028e-09,0.56,464
1275,3.5105,1.1428e-09,0.56,465.5
1276,3.5103,1.0859e-09,0.56,467
1277,3.5102,1.0318e-09,0.56,468.5
1278,3.51,9.8041e-10,0.56,470
1279,3.5099,9.3156e-10,0.56,471.5
1280,3.5097,8.8516e-10,0.56,473
1281,3.5096,8.4069e-10,0.56,476
1282,3.5094,7.9846e-10,0.56,479
1283,3.5092,7.5835e-10,0.56,482
1284,3.5091,7.2026e-10,0.56,485
1285,3.509,6.8408e-10,0.56,488
1286,3.5088,6.4971e-10,0.56,491
1287,3.5087,6.1707e-10,0.56,494
1288,3.5085,5.8608e-10,0.56,497
1289,3.5083,5.5664e-10,0.56,500
1290,3.5082,5.2867e-10,0.56,503
1291,3.508,5.0434e-10,0.559,505.5
1292,3.5079,4.8112e-10,0.558,508
1293,3.5077,4.5897e-10,0.557,510.5
1294,3.5076,4.3785e-10,0.556,513
1295,3.5075,4.1769e-10,0.555,515.5
1296,3.5073,3.9846e-10,0.554,518
1297,3.5072,3.8012e-10,0.553,520.5
1298,3.507,3.6262e-10,0.552,523
1299,3.5069,3.4593e-10,0.551,525.5
1300,3.5067,3.3001e-10,0.55,528
1301,3.5066,3.1325e-10,0.55,530.5
1302,3.5064,2.9735e-10,0.55,533
1303,3.5063,2.8225e-10,0.55,535.5
1304,3.5061,2.6792e-10,0.55,538
1305,3.506,2.5432e-10,0.55,540.5
1306,3.5059,2.414e-10,0.55,543
1307,3.5057,2.2915e-10,0.55,545.5
1308,3.5056,2.1751e-10,0.55,548
1309,3.5054,2.0647e-10,0.55,550.5
1310,3.5053,1.9598e-10,0.55,553
1311,3.5052,1.8538e-10,0.55,556.1
1312,3.505,1.7536e-10,0.55,559.2
1313,3.5049,1.6587e-10,0.55,562.3
1314,3.5047,1.569e-10,0.55,565.4
1315,3.5046,1.4842e-10,0.55,568.5
1316,3.5045,1.4039e-10,0.55,571.6
1317,3.5043,1.328e-10,0.55,574.7
1318,3.5042,1.2562e-10,0.55,577.8
1319,3.504,1.1882e-10,0.55,580.9
1320,3.5039,1.124e-10,0.55,584
1321,3.5038,1.0485e-10,0.55,587
1322,3.5036,9.781e-11,0.55,590
1323,3.5035,9.1243e-11,0.55,593
1324,3.5034,8.5117e-11,0.55,596
1325,3.5033,7.9402e-11,0.55,599
1326,3.5031,7.4071e-11,0.55,602
1327,3.503,6.9098e-11,0.55,605
1328,3.5029,6.4459e-11,0.55,608
1329,3.5027,6.0131e-11,0.55,611
1330,3.5026,5.6094e-11,0.55,614
1331,3.5025,5.164e-11,0.55,618
1332,3.5023,4.754e-11,0.55,622
1333,3.5022,4.3765e-11,0.55,626
1334,3.502,4.029e-11,0.55,630
1335,3.5019,3.7091e-11,0.55,634
1336,3.5018,3.4146e-11,0.55,638
1337,3.5016,3.1435e-11,0.55,642
1338,3.5015,2.8939e-11,0.55,646
1339,3.5013,2.6641e-11,0.55,650
1340,3.5012,2.4526e-11,0.55,654
1341,3.5011,2.2799e-11,0.55,656
1342,3.501,2.1193e-11,0.55,658
1343,3.5008,1.9701e-11,0.55,660
1344,3.5007,1.8314e-11,0.55,662
1345,3.5006,1.7024e-11,0.55,664
1346,3.5005,1.5826e-11,0.55,666
1347,3.5004,1.4711e-11,0.55,668
1348,3.5002,1.3675e-11,0.55,670
1349,3.5001,1.2712e-11,0.55,672
1350,3.5,1.1817e-11,0.55,674
1351,3.4999,1.1093e-11,0.55,674.5
1352,3.4997,1.0413e-11,0.55,675
1353,3.4996,9.7744e-12,0.55,675.5
1354,3.4995,9.1751e-12,0.55,676
1355,3.4993,8.6127e-12,0.55,676.5
1356,3.4992,8.0847e-12,0.55,677
1357,3.4991,7.589e-12,0.55,677.5
1358,3.499,7.1238e-12,0.55,678
1359,3.4988,6.687e-12,0.55,678.5
1360,3.4987,6.2771e-12,0.55,679
1361,3.4986,5.9723e-12,0.55,679.5
1362,3.4985,5.6823e-12,0.55,680
1363,3.4983,5.4063e-12,0.55,680.5
1364,3.4982,5.1438e-12,0.55,681
1365,3.4981,4.894e-12,0.55,681.5
1366,3.498,4.6564e-12,0.55,682
1367,3.4979,4.4303e-12,0.55,682.5
1368,3.4977,4.2152e-12,0.55,683
1369,3.4976,4.0105e-12,0.55,683.5
1370,3.4975,3.8157e-12,0.55,684
1371,3.4974,3.6453e-12,0.55,684.5
1372,3.4973,3.4824e-12,0.55,685
1373,3.4971,3.3268e-12,0.55,685.5
1374,3.497,3.1782e-12,0.55,686
1375,3.4969,3.0362e-12,0.55,686.5
1376,3.4968,2.9006e-12,0.55,687
1377,3.4967,2.771e-12,0.55,687.5
1378,3.4965,2.6472e-12,0.55,688
1379,3.4964,2.529e-12,0.55,688.5
1380,3.4963,2.416e-12,0.55,689
1381,3.4962,2.2938e-12,0.55,689.5
1382,3.4961,2.1778e-12,0.55,690
1383,3.4959,2.0677e-12,0.55,690.5
1384,3.4958,1.9632e-12,0.55,691
1385,3.4957,1.8639e-12,0.55,691.5
1386,3.4956,1.7696e-12,0.55,692
1387,3.4955,1.6802e-12,0.55,692.5
1388,3.4953,1.5952e-12,0.55,693
1389,3.4952,1.5145e-12,0.55,693.5
1390,3.4951,1.438e-12,0.55,694
1391,3.495,1.3725e-12,0.549,695
1392,3.4949,1.31e-12,0.548,696
1393,3.4947,1.2504e-12,0.547,697
1394,3.4946,1.1935e-12,0.546,698
1395,3.4945,1.1391e-12,0.545,699
1396,3.4944,1.0873e-12,0.544,700
1397,3.4943,1.0378e-12,0.543,701
1398,3.4941,9.9054e-13,0.542,702
1399,3.494,9.4545e-13,0.541,703
1400,3.4939,9.0241e-13,0.54,704
1401,3.4938,8.5338e-13,0.54,705
1402,3.4937,8.0701e-13,0.54,706
1403,3.4936,7.6315e-13,0.54,707
1404,3.4935,7.2169e-13,0.54,708
1405,3.4934,6.8247e-13,0.54,709
1406,3.4932,6.4539e-13,0.54,710
1407,3.4931,6.1032e-13,0.54,711
1408,3.493,5.7716e-13,0.54,712
1409,3.4929,5.458e-13,0.54,713
1410,3.4928,5.1614e-13,0.54,714
1411,3.4927,4.9322e-13,0.54,715
1412,3.4926,4.7131e-13,0.54,716
1413,3.4925,4.5038e-13,0.54,717
1414,3.4924,4.3038e-13,0.54,718
1415,3.4922,4.1127e-13,0.54,719
1416,3.4921,3.93e-13,0.54,720
1417,3.492,3.7555e-13,0.54,721
1418,3.4919,3.5887e-13,0.54,722
1419,3.4918,3.4293e-13,0.54,723
1420,3.4917,3.277e-13,0.54,724
1421,3.4916,3.049e-13,0.54,725.1
1422,3.4915,2.8368e-13,0.54,726.2
1423,3.4914,2.6394e-13,0.54,727.3
1424,3.4913,2.4558e-13,0.54,728.4
1425,3.4912,2.2849e-13,0.54,729.5
1426,3.491,2.1259e-13,0.54,730.6
1427,3.4909,1.978e-13,0.54,731.7
1428,3.4908,1.8403e-13,0.54,732.8
1429,3.4907,1.7123e-13,0.54,733.9
1430,3.4906,1.5931e-13,0.54,735
1431,3.4905,1.5184e-13,0.54,736
1432,3.4904,1.4472e-13,0.54,737
1433,3.4903,1.3793e-13,0.54,738
1434,3.4902,1.3147e-13,0.54,739
1435,3.4901,1.253e-13,0.54,740
1436,3.49,1.1942e-13,0.54,741
1437,3.4899,1.1382e-13,0.54,742
1438,3.4898,1.0849e-13,0.54,743
1439,3.4897,1.034e-13,0.54,744
1440,3.4896,9.8549e-14,0.54,745
1441,3.4895,9.4808e-14,0.54,746
1442,3.4894,9.1209e-14,0.54,747
1443,3.4893,8.7747e-14,0.54,748
1444,3.4892,8.4416e-14,0.54,749
1445,3.489,8.1212e-14,0.54,750
1446,3.4889,7.8129e-14,0.54,751
1447,3.4888,7.5163e-14,0.54,752
1448,3.4887,7.231e-14,0.54,753
1449,3.4886,6.9565e-14,0.54,754
1450,3.4885,6.6925e-14,0.54,755
